classification,closed pnl
Extreme Fear,739110.24849
Extreme Greed,2715171.310673
Fear,3357155.441642
Greed,2150129.272951
Neutral,1292920.67555
